Top queries,Web Clicks,Image Clicks,Web Impressions,Image Impressions,Web CTR,Image CTR,Web Position,Image Position
paint labour rates in karachi,1,0,1,0,100%,0%,13,0
painter charges,0,0,9,0,0%,0%,6.67,0
painter contact number,0,0,8,0,0%,0%,7.38,0
online estimates wall painting,0,0,5,0,0%,0%,2.8,0
denting and painting cost,0,0,1,0,0%,0%,1,0
paint charges,0,0,1,0,0%,0%,1,0
paint charges for house,0,0,1,0,0%,0%,1,0
paint job quote,0,0,1,0,0%,0%,1,0
painter per day charges,0,0,1,0,0%,0%,1,0
painting renovation cost,0,0,1,0,0%,0%,1,0
without labour,0,0,1,0,0%,0%,2,0
جی,0,0,1,0,0%,0%,2,0
what about paint?,0,0,1,0,0%,0%,3,0
exterior painting cost,0,0,1,0,0%,0%,4,0
yes,0,0,1,0,0%,0%,4,0
painting charge,0,0,1,0,0%,0%,7,0
writer painter near me,0,0,1,0,0%,0%,7,0
cost of painting,0,0,1,0,0%,0%,9,0
painting rate,0,0,1,0,0%,0%,9,0
wall painting charges,0,0,1,0,0%,0%,9,0
painter in karachi,0,0,1,0,0%,0%,39,0
painters in karachi,0,0,1,0,0%,0%,46,0
karachi painting,0,0,1,0,0%,0%,56,0
packaging companies in karachi,0,0,1,0,0%,0%,81,0